ФИО,Год_поступления,Форма_обучения,Математика,Физика,Химия,Биология,История,Русский язык,Средний_балл_аттестата,Общий_балл,Специальность,Адрес,Телефон
Корнил Ильич Ларионов,2025,Бюджет,92,98,40,37,6,99,5.5,344.0,Математика,"Могилев , ул. Таежная, д. 74",+375335785406
Красильникова Мария Петровна,2020,Платная,10,55,31,70,42,36,6.0,227.0,Математика,"Барановичи , наб. Мирная, д. 12 стр. 4/2",+375259964407
Евфросиния Георгиевна Гущина,2025,Бюджет,52,98,64,93,86,78,5.0,327.0,Физика,"Орша , наб. Космическая, д. 9 стр. 98",+375335951838
Ираида Тимуровна Трофимова,2022,Бюджет,50,31,81,99,81,100,6.5,345.0,Математика,"Пинск , ул. Кооперативная, д. 86 стр. 1/3",+375296928878
Демид Георгиевич Хохлов,2022,Платная,80,33,66,14,28,54,6.2,262.0,Биология,"Гродно , алл. Тамбовская, д. 8",+375446393233
Фёкла Дмитриевна Никонова,2023,Целевая,31,61,16,1,84,90,4.7,282.0,История,"Могилев , пер. Кутузова, д. 50",+375257772971
Зуев Ярополк Иларионович,2023,Бюджет,39,35,40,14,70,96,5.9,265.0,Биология,"Пинск , пер. 1 Мая, д. 1 к. 5",+375258331619
Прохоров Лаврентий Вилорович,2021,Целевая,76,72,66,25,99,40,7.0,317.0,Химия,"Брест , пр. Целинный, д. 3 к. 6",+375250010898
Эмилия Рубеновна Русакова,2020,Бюджет,35,18,90,46,53,78,9.1,312.0,Химия,"Борисов , пер. Союзный, д. 227 к. 849",+375297745016
Соколов Игнатий Филимонович,2025,Платная,10,34,16,7,38,78,9.9,249.0,Химия,"Гомель , бул. Запрудный, д. 815 стр. 6",+375332298334
Титова Эмилия Богдановна,2023,Бюджет,13,29,63,24,32,61,8.7,243.0,Программирование,"Барановичи , наб. Морозова, д. 54 стр. 56",+375335319136
Филипп Федотович Сидоров,2020,Целевая,88,87,35,100,39,96,7.8,362.0,Программирование,"Пинск , пер. Троицкий, д. 4/1 к. 1/9",+375333264432
Агафонова Пелагея Константиновна,2020,Платная,87,76,41,45,68,20,10.0,331.0,Математика,"Гомель , ш. Песочное, д. 11 стр. 7",+375297060781
Юлиан Ефимович Лебедев,2025,Бюджет,38,77,21,8,38,41,8.0,236.0,Биология,"Могилев , пер. Сенной, д. 9/1",+375298345511
Тарасова Александра Георгиевна,2021,Бюджет,61,97,53,54,72,39,9.2,322.0,Химия,"Гродно , пер. Новостройка, д. 8/5 стр. 7/4",+375442343852
Елисеев Гедеон Демидович,2020,Бюджет,76,16,44,64,12,97,4.3,280.0,История,"Пинск , наб. Лесная, д. 9",+375255238734
Громов Демид Фомич,2020,Платная,81,65,9,90,99,5,5.8,328.0,Биология,"Витебск , пер. Прудный, д. 93 к. 604",+375334095506
Зинаида Львовна Абрамова,2020,Платная,13,54,93,86,83,50,5.2,314.0,Программирование,"Барановичи , пер. Энгельса, д. 4/3",+375339038738
Орест Чеславович Соболев,2024,Бюджет,56,11,37,88,4,13,7.2,253.0,Математика,"Гродно , алл. Курчатова, д. 899 к. 4/9",+375259888232
Макарова Лидия Альбертовна,2024,Платная,64,90,32,90,3,66,5.9,305.0,Биология,"Пинск , ш. Петровское, д. 4/4 стр. 2",+375293435865
Гурьев Павел Теймуразович,2022,Целевая,25,67,10,67,47,77,5.9,270.0,Программирование,"Пинск , пер. Полевой, д. 4/8",+375330497775
Сидорова Наина Вячеславовна,2020,Платная,73,64,53,76,19,4,7.5,288.0,Математика,"Гродно , бул. Украинский, д. 3 стр. 4",+375254806459
Максимов Егор Васильевич,2023,Бюджет,89,52,29,71,45,86,6.7,313.0,Программирование,"Витебск , пер. Королева, д. 9/7 к. 6/4",+375449398017
Фаина Яковлевна Кондратьева,2023,Платная,14,42,87,31,42,42,5.7,228.0,Физика,"Брест , бул. Карбышева, д. 7 к. 7/3",+375259294643
Крюкова Елена Валентиновна,2024,Бюджет,93,22,23,99,98,44,5.8,348.0,Программирование,"Барановичи , ш. Февральское, д. 3/4",+375258632816
Никон Денисович Кулаков,2024,Платная,80,53,23,46,56,90,9.4,320.0,Биология,"Витебск , пр. Радищева, д. 7",+375254807904
Ольга Олеговна Меркушева,2023,Целевая,53,44,55,6,34,70,5.6,234.0,Биология,"Барановичи , ул. Строителей, д. 93",+375256346917
Сидоров Всеслав Жоресович,2021,Бюджет,87,44,2,78,7,28,8.1,290.0,Физика,"Витебск , ш. Ясное, д. 2/6 стр. 1",+375447710195
Харитонов Дмитрий Иосифович,2020,Бюджет,48,10,84,97,65,98,7.6,355.0,Физика,"Гродно , бул. Коммунистический, д. 1/6 стр. 6/2",+375440682288
Наумов Любосмысл Феофанович,2020,Платная,97,85,38,16,41,81,9.2,355.0,Программирование,"Витебск , пр. Луначарского, д. 676 стр. 989",+375295311290
Зинаида Альбертовна Степанова,2022,Целевая,34,100,76,9,10,87,7.7,340.0,Математика,"Барановичи , алл. Карла Либкнехта, д. 3/6 стр. 2/3",+375255826560
Мариан Матвеевич Игнатьев,2021,Бюджет,56,42,31,66,33,25,5.1,215.0,Физика,"Барановичи , ул. Правды, д. 24 к. 57",+375294717189
Валерия Геннадьевна Ковалева,2020,Бюджет,22,52,15,64,69,15,9.3,278.0,Биология,"Гродно , бул. Приозерный, д. 6/8",+375335176473
Евфросиния Семеновна Королева,2023,Бюджет,4,22,52,4,95,3,6.2,231.0,Химия,"Брест , наб. Базарная, д. 334 стр. 619",+375299496707
Лихачев Радован Антипович,2024,Бюджет,35,78,27,88,81,41,9.3,340.0,История,"Витебск , наб. Крымская, д. 88",+375337644862
Емельянова Наина Максимовна,2023,Целевая,26,59,27,74,82,33,5.8,273.0,История,"Борисов , наб. Краснопартизанская, д. 3",+375295728646
Суворов Ювеналий Филатович,2021,Целевая,21,38,70,41,92,32,9.5,298.0,История,"Орша , пер. Братский, д. 75 к. 8/6",+375292194873
Большакова Лора Викторовна,2024,Бюджет,91,12,25,86,14,59,9.4,330.0,Биология,"Гродно , алл. Пушкинская, д. 5/5 к. 6",+375299571197
Воронцова Виктория Вениаминовна,2023,Целевая,70,86,51,44,25,47,5.0,257.0,Математика,"Витебск , пр. Крупской, д. 367 к. 9",+375446911144
Комарова Надежда Семеновна,2021,Бюджет,79,38,98,81,63,77,6.4,322.0,Химия,"Минск , бул. Новосельский, д. 8/4",+375334614134
Валентина Наумовна Денисова,2020,Целевая,16,60,6,90,73,37,4.5,268.0,Физика,"Могилев , пер. Шмидта, д. 1/3",+375337361828
Федосеев Мартьян Даниилович,2021,Бюджет,10,72,71,22,71,33,7.6,290.0,Химия,"Брест , ул. Металлистов, д. 21 стр. 3",+375252999873
Лыткин Юрий Евстигнеевич,2024,Бюджет,27,59,70,7,73,100,8.3,326.0,Биология,"Гомель , ул. Байкальская, д. 551",+375330624932
Дементьева Юлия Леонидовна,2020,Целевая,33,6,98,73,23,76,5.5,302.0,История,"Могилев , ул. Заозерная, д. 3/6 к. 519",+375292174145
Надежда Вадимовна Терентьева,2022,Целевая,13,91,98,45,100,26,7.0,359.0,Физика,"Витебск , пр. Гастелло, д. 3/4",+375293704095
Русакова Нина Анатольевна,2025,Платная,92,83,71,61,36,28,4.9,295.0,Математика,"Барановичи , пр. Красноармейский, д. 456 к. 229",+375254553862
Кошелева Мария Артемовна,2023,Платная,69,64,91,58,1,13,4.2,266.0,Химия,"Брест , ш. Техническое, д. 36 к. 58",+375330157847
Валентин Иларионович Егоров,2025,Платная,98,6,92,42,49,46,9.4,333.0,Математика,"Витебск , наб. Кутузова, д. 1 к. 576",+375297111652
г-жа Колесникова Фёкла Эльдаровна,2020,Целевая,12,58,11,15,8,13,5.0,136.0,Физика,"Гродно , ул. Ударная, д. 51 к. 12",+375333880642
Павлова Глафира Юльевна,2025,Целевая,97,11,72,1,62,11,8.1,312.0,Биология,"Гродно , наб. Пушкина, д. 35 стр. 5/4",+375335870070
Евпраксия Юльевна Шилова,2022,Целевая,6,33,51,52,71,40,5.5,229.0,История,"Орша , пер. Мелиораторов, д. 1",+375330551403
Януарий Харитонович Фомичев,2025,Платная,59,68,15,16,62,100,7.0,300.0,Физика,"Орша , ул. Ильича, д. 7 стр. 9",+375297560285
Давыдова Любовь Ивановна,2025,Платная,79,49,17,75,65,10,8.4,303.0,Химия,"Брест , алл. Боровая, д. 88 стр. 300",+375447861563
тов. Уварова Майя Тарасовна,2024,Платная,92,29,84,22,51,97,9.8,371.0,Программирование,"Могилев , ш. Красина, д. 62",+375446530097
Некрасов Георгий Аверьянович,2022,Целевая,58,14,80,100,54,15,5.5,293.0,Математика,"Орша , пер. Терешковой, д. 3/9",+375298082891
Титов Клавдий Измаилович,2023,Платная,65,29,40,13,66,86,7.3,290.0,Биология,"Пинск , бул. Литейный, д. 6 к. 94",+375336521304
Захаров Лев Юльевич,2025,Платная,18,82,30,11,92,56,8.7,317.0,Биология,"Барановичи , бул. Р.Люксембург, д. 524",+375444046909
Елена Эльдаровна Котова,2025,Бюджет,100,43,15,64,36,30,4.1,248.0,Биология,"Гомель , ш. Спортивное, д. 505",+375446419294
Цветков Дмитрий Денисович,2025,Целевая,52,47,22,16,85,80,8.7,304.0,Программирование,"Барановичи , ул. Дальняя, д. 5/3",+375337185516
Дмитриев Исай Гавриилович,2024,Платная,45,32,71,13,48,77,7.3,269.0,Химия,"Пинск , наб. Лесхозная, д. 48 стр. 2/4",+375259554819
Егоров Селиверст Авдеевич,2022,Бюджет,27,15,84,3,76,53,8.3,296.0,Биология,"Гродно , ул. Просвещения, д. 1/9",+375290340616
Самойлов Нифонт Артурович,2021,Бюджет,9,4,17,74,55,7,7.6,222.0,Математика,"Барановичи , алл. Калинина, д. 1/5 стр. 742",+375339493507
Анжела Васильевна Тимофеева,2020,Целевая,75,97,77,94,24,30,7.0,338.0,Биология,"Барановичи , алл. Маяковского, д. 58 к. 59",+375333975907
Карпов Демид Ефимович,2024,Бюджет,81,51,73,43,97,8,6.1,312.0,История,"Могилев , ш. Линейное, д. 89 к. 7/7",+375296190003
Юлия Рудольфовна Рожкова,2023,Платная,69,63,56,19,42,51,7.7,265.0,Программирование,"Брест , ш. Бажова, д. 205 к. 354",+375257196165
Василиса Богдановна Богданова,2020,Бюджет,66,85,38,46,86,70,6.2,303.0,Программирование,"Брест , бул. Советов, д. 5/2 стр. 57",+375444901041
Геннадий Игнатьевич Смирнов,2024,Целевая,56,100,66,85,12,18,7.4,325.0,Физика,"Барановичи , бул. Пугачева, д. 1 к. 25",+375440478043
Новиков Аггей Ануфриевич,2021,Целевая,42,35,26,87,88,94,6.4,333.0,Химия,"Пинск , алл. Смирнова, д. 980 к. 1/9",+375255389741
Данила Тарасович Гордеев,2025,Целевая,20,36,10,48,26,36,10.0,220.0,Биология,"Борисов , бул. Черняховского, д. 9/4 стр. 8",+375442613528
Раиса Святославовна Шарапова,2025,Бюджет,45,84,23,11,88,58,5.8,288.0,Программирование,"Орша , бул. Заовражный, д. 9",+375254167810
Кулагин Парамон Вилорович,2023,Бюджет,74,84,75,2,1,38,5.6,289.0,История,"Гомель , пр. Полтавский, д. 8/5 стр. 202",+375441900939
Зинаида Наумовна Воробьева,2023,Целевая,100,23,18,71,62,24,8.3,316.0,Химия,"Гродно , пер. Веселый, д. 64 к. 5",+375331593309
Фаина Ильинична Маслова,2024,Платная,94,51,31,83,89,29,5.0,316.0,Физика,"Могилев , ш. Угловое, д. 9/9 стр. 6",+375293333114
Степанов Аким Изотович,2025,Бюджет,2,41,26,28,14,55,5.1,175.0,Химия,"Витебск , алл. Котовского, д. 175 к. 312",+375443952783
Исаков Каллистрат Даниилович,2022,Целевая,94,11,78,21,28,60,7.7,309.0,Программирование,"Могилев , пер. Новгородский, д. 82",+375444369107
Карпова Евгения Григорьевна,2022,Бюджет,5,60,80,35,64,98,6.6,308.0,Физика,"Борисов , ул. Моховая, д. 2 стр. 539",+375332604266
Лазарев Творимир Бориславович,2024,Платная,6,98,71,54,11,40,7.0,293.0,Биология,"Гомель , пер. Советской Армии, д. 658 к. 231",+375448154726
Гаврилова Василиса Ждановна,2024,Платная,13,38,61,38,78,41,7.1,251.0,Биология,"Орша , бул. Краснопартизанский, д. 7 к. 66",+375291323434
Лихачев Радим Богданович,2023,Бюджет,99,16,22,19,31,36,7.9,245.0,Программирование,"Барановичи , алл. Рыбацкая, д. 434 к. 183",+375335432915
Любим Устинович Никонов,2025,Платная,7,51,65,46,77,9,5.2,245.0,Биология,"Гомель , пер. Волочаевский, д. 77 к. 6/6",+375443909879
Кондратьева Оксана Владимировна,2023,Целевая,32,17,67,3,78,82,8.5,312.0,Химия,"Минск , ул. Энергетиков, д. 7 к. 1/5",+375298752774
Леон Исидорович Фадеев,2025,Платная,65,40,89,21,66,45,9.5,315.0,Химия,"Борисов , ул. Транспортная, д. 2/4 стр. 2",+375291522671
Мария Васильевна Соловьева,2025,Целевая,77,8,96,26,67,45,5.8,298.0,История,"Барановичи , пер. Горняцкий, д. 89",+375295479654
г-н Громов Степан Ефимьевич,2022,Платная,33,62,68,79,5,16,10.0,309.0,Математика,"Пинск , ш. Карбышева, д. 71 к. 7/2",+375294616245
Евпраксия Альбертовна Ларионова,2023,Целевая,15,65,51,5,20,50,7.8,244.0,История,"Витебск , ш. Поселковое, д. 48 к. 4",+375335047354
Герасимов Герасим Викентьевич,2022,Платная,69,37,84,78,36,3,9.0,321.0,Математика,"Гродно , бул. 50 лет ВЛКСМ, д. 8 к. 6",+375258183595
Нина Борисовна Ершова,2023,Целевая,82,90,25,100,32,18,9.6,368.0,Программирование,"Барановичи , ш. Поселковое, д. 5/4 стр. 8",+375333194001
Надежда Никифоровна Голубева,2022,Целевая,7,23,65,81,56,68,6.3,277.0,Биология,"Гомель , бул. Сельский, д. 15",+375446141281
Костин Геннадий Евстигнеевич,2020,Платная,12,62,89,63,1,92,7.0,314.0,Программирование,"Пинск , пр. Восточный, д. 8",+375337509116
Аристарх Ермилович Мишин,2023,Бюджет,39,48,30,95,69,83,7.0,317.0,Физика,"Орша , ул. Покровская, д. 554 стр. 6/3",+375443726436
Голубева Елизавета Тимуровна,2020,Платная,78,41,62,50,28,3,7.3,263.0,Программирование,"Витебск , ул. Надежды, д. 1/9 к. 68",+375295560484
Соколова Варвара Макаровна,2023,Бюджет,11,54,68,20,29,7,7.8,229.0,Программирование,"Пинск , наб. Приозерная, д. 587",+375339483810
Трофим Валерьянович Фомичев,2025,Платная,3,44,50,97,97,92,9.4,380.0,Химия,"Пинск , бул. Мая 1, д. 885",+375292272305
Акулина Кирилловна Кулакова,2021,Бюджет,96,96,91,24,19,6,6.2,345.0,Программирование,"Пинск , алл. Металлургов, д. 428 к. 13",+375257043322
Семен Артемьевич Никонов,2021,Целевая,2,53,69,38,95,8,4.1,258.0,Биология,"Пинск , ул. Маяковского, д. 847 стр. 2",+375258231631
Нонна Никифоровна Русакова,2022,Платная,86,15,95,100,42,47,4.2,323.0,Программирование,"Гомель , алл. Халтурина, д. 42",+375339397452
Любовь Андреевна Сафонова,2022,Бюджет,11,1,60,28,42,55,8.9,246.0,Математика,"Гродно , бул. Калинина, д. 855",+375449043298
Демьян Глебович Зайцев,2023,Платная,38,43,46,89,18,77,4.5,257.0,Физика,"Барановичи , алл. Кирпичная, д. 617 стр. 1",+375252235729
Максимильян Георгиевич Князев,2025,Бюджет,48,37,79,54,75,87,7.8,319.0,Физика,"Орша , ш. 60 лет Октября, д. 98 стр. 3/2",+375258830020
Нонна Ефимовна Сидорова,2022,Целевая,17,66,92,100,11,17,8.5,343.0,Физика,"Орша , бул. Калужский, д. 81 стр. 78",+375445223789
Кузнецов Прокл Марсович,2024,Бюджет,11,91,82,23,86,23,5.5,314.0,Биология,"Брест , пр. Ясный, д. 2/2 стр. 58",+375293075565
Ипполит Богданович Владимиров,2022,Бюджет,7,5,98,52,25,3,8.3,258.0,Программирование,"Пинск , бул. Депутатский, д. 7/5",+375255118529
Анастасия Тимофеевна Мишина,2022,Платная,31,57,80,12,37,23,8.2,256.0,Математика,"Гомель , наб. Мостовая, д. 20 к. 7",+375252663684
Лаврентий Антипович Громов,2022,Платная,33,15,68,42,70,29,9.6,276.0,Физика,"Минск , пер. Хвойный, д. 2/5",+375335167141
Родион Викентьевич Горбунов,2024,Бюджет,56,99,41,91,28,52,8.3,329.0,Биология,"Витебск , алл. Труда, д. 59 стр. 2/9",+375292640639
Орлов Григорий Игнатьевич,2024,Целевая,77,68,12,29,18,29,7.9,253.0,Химия,"Борисов , ш. Подлесное, д. 87",+375294551271
Фокина Ксения Сергеевна,2020,Бюджет,70,26,89,27,1,47,4.5,251.0,Программирование,"Орша , ш. Крымское, д. 263 стр. 9/9",+375291614527
Лариса Макаровна Коновалова,2025,Платная,29,94,100,16,64,24,5.3,311.0,Химия,"Пинск , алл. Попова, д. 69 стр. 1",+375330239633
Валерьян Валерьянович Никифоров,2024,Бюджет,54,62,99,99,51,77,7.1,346.0,Химия,"Гродно , бул. 30 лет Победы, д. 833",+375256921292
Нестор Антипович Терентьев,2024,Бюджет,75,82,92,63,15,48,7.4,323.0,История,"Могилев , пр. Халтурина, д. 7/6 к. 4/5",+375251298960
Бобылева Лукия Львовна,2020,Бюджет,36,36,99,90,19,81,8.4,354.0,Физика,"Пинск , ул. Монтажников, д. 978",+375295983909
Марина Матвеевна Мартынова,2024,Бюджет,59,18,57,64,16,45,6.5,245.0,История,"Гомель , пр. Вокзальный, д. 47 стр. 89",+375257172440
Петухов Никодим Бенедиктович,2022,Целевая,3,53,7,59,9,15,8.3,210.0,Физика,"Орша , пер. Песочный, д. 73",+375295814959
Рогова Пелагея Геннадьевна,2020,Бюджет,52,43,60,56,53,91,5.4,261.0,Химия,"Орша , пер. Кооперативный, д. 696 к. 88",+375255310371
Викентий Геннадиевич Мясников,2025,Бюджет,54,9,80,5,35,96,5.2,282.0,Химия,"Пинск , бул. Луначарского, д. 9 стр. 934",+375294868334
Ростислав Владленович Чернов,2023,Бюджет,4,8,23,62,36,63,4.2,203.0,Математика,"Гомель , ул. Попова, д. 10 стр. 54",+375444558880
Валентин Ермилович Тихонов,2024,Платная,43,82,24,20,19,52,8.9,266.0,История,"Витебск , ш. Советской Армии, д. 434",+375251291951
Юлия Болеславовна Соколова,2020,Бюджет,83,49,69,99,51,37,9.5,346.0,История,"Могилев , ш. Клубное, д. 57 к. 3",+375293915733
Демид Елизарович Носов,2022,Целевая,54,52,65,63,41,3,9.8,280.0,Математика,"Брест , пр. Льва Толстого, д. 684 стр. 6",+375254106953
Ксения Петровна Красильникова,2020,Целевая,72,80,4,5,59,82,5.3,287.0,Математика,"Пинск , наб. Садовая, д. 3",+375299103941
Николаева Эмилия Кузьминична,2022,Платная,62,2,51,52,46,86,6.3,263.0,История,"Борисов , ул. ДОС, д. 7",+375258992861
Стрелкова Ксения Валентиновна,2025,Бюджет,99,24,74,56,45,86,8.3,342.0,Химия,"Витебск , ул. Буденного, д. 42 к. 53",+375299194804
Комиссаров Артемий Иларионович,2024,Бюджет,71,31,96,60,71,26,5.3,291.0,Биология,"Борисов , ш. Льва Толстого, д. 7 стр. 9",+375257107677
Абрамова Александра Тимуровна,2021,Целевая,66,77,86,99,94,18,5.9,338.0,Химия,"Витебск , ул. Коллективная, д. 3",+375338922322
Хохлов Мефодий Георгиевич,2022,Целевая,42,77,14,68,73,94,6.2,306.0,Математика,"Орша , ул. Белорусская, д. 3",+375256913580
Анисимов Артемий Якубович,2024,Целевая,68,70,99,71,37,40,9.0,330.0,Математика,"Витебск , пр. Енисейский, д. 43",+375440212597
Тимофеева Ия Кузьминична,2024,Платная,47,49,47,39,7,53,4.8,197.0,Химия,"Витебск , бул. Крылова, д. 8 к. 274",+375446523115
Лариса Сергеевна Наумова,2023,Целевая,17,91,59,53,54,23,6.0,264.0,Математика,"Барановичи , наб. Серова, д. 132 стр. 39",+375448006910
Мария Наумовна Ефремова,2024,Целевая,71,47,93,92,72,31,4.1,298.0,Математика,"Орша , пер. Беляева, д. 1 стр. 2",+375444227285
Степанов Соломон Валерьевич,2024,Целевая,11,68,13,14,51,66,4.5,230.0,История,"Гродно , пр. 40 лет Победы, д. 94 к. 6/2",+375449485909
Василиса Даниловна Воробьева,2021,Бюджет,47,97,8,41,47,19,7.6,267.0,Программирование,"Брест , ш. Химиков, д. 96 стр. 6",+375442936133
Стрелкова Ия Захаровна,2024,Платная,66,15,67,41,27,31,5.4,228.0,Физика,"Минск , пр. Тимирязева, д. 762",+375293804662
Раиса Антоновна Рыбакова,2025,Целевая,51,98,91,32,34,57,4.1,287.0,История,"Витебск , пр. Прибрежный, д. 705 стр. 1",+375445609193
Наум Валерьянович Калинин,2023,Платная,12,24,3,90,84,75,9.4,343.0,Биология,"Могилев , наб. Ленинградская, д. 13 к. 68",+375292743887
Щербакова Валерия Владимировна,2024,Бюджет,25,53,75,87,9,85,5.6,303.0,Биология,"Пинск , наб. Снежная, д. 687 к. 3",+375446150445
Зинаида Робертовна Комарова,2025,Платная,80,70,99,6,95,52,7.6,350.0,Физика,"Брест , ул. Виноградная, д. 6/7",+375291830745
Регина Николаевна Назарова,2025,Целевая,14,95,100,5,87,79,8.7,369.0,Физика,"Брест , алл. Высокая, д. 364 стр. 3/8",+375449282377
Князев Виктор Феодосьевич,2022,Бюджет,2,70,24,100,98,91,5.2,341.0,Программирование,"Барановичи , ул. Союзная, д. 4 к. 61",+375443651031
Клавдия Богдановна Мамонтова,2024,Целевая,29,29,15,56,1,48,8.7,220.0,Химия,"Барановичи , бул. Олимпийский, д. 28 к. 42",+375444725450
г-жа Некрасова Синклитикия Афанасьевна,2020,Бюджет,57,63,70,99,32,86,6.1,316.0,Биология,"Минск , пр. Садовый, д. 72 к. 75",+375255710927
Ксения Вячеславовна Исаева,2025,Бюджет,57,70,66,16,21,38,7.6,269.0,Биология,"Могилев , наб. Азина, д. 3/5 стр. 605",+375337312786
Яков Антипович Суханов,2020,Платная,11,7,46,36,69,45,8.9,249.0,Биология,"Могилев , пр. Фестивальный, д. 5/6 стр. 6/8",+375440698577
Любомир Матвеевич Рыбаков,2023,Платная,19,99,52,41,56,12,9.7,304.0,История,"Витебск , ул. Мира, д. 5/7",+375335295382
Валерий Зиновьевич Устинов,2023,Целевая,85,40,56,26,70,61,5.1,267.0,Химия,"Могилев , ул. Камская, д. 820",+375258534590
Ювеналий Демьянович Власов,2024,Целевая,57,14,89,32,30,15,9.3,271.0,Химия,"Гомель , ул. Механизаторов, д. 12 стр. 47",+375337447672
Юлия Мироновна Блинова,2025,Целевая,38,97,98,80,24,13,5.3,328.0,Физика,"Гомель , ул. Садовая, д. 972 стр. 1",+375292467097
Мирон Глебович Анисимов,2023,Платная,64,96,23,44,42,24,9.2,296.0,Химия,"Витебск , алл. Павлика Морозова, д. 30",+375440937336
Аполлон Якубович Белов,2025,Бюджет,79,43,9,75,30,94,5.5,303.0,Математика,"Барановичи , пер. Хуторской, д. 81 к. 76",+375251123044
Анжелика Владимировна Николаева,2020,Бюджет,90,31,28,91,37,17,7.2,290.0,Физика,"Минск , пер. Минина, д. 300",+375257657247
Екатерина Эдуардовна Петухова,2020,Платная,45,99,80,83,31,50,9.6,358.0,Математика,"Барановичи , пр. Вишневый, д. 35",+375444746104
Гришин Владлен Владиславович,2020,Бюджет,46,42,73,81,35,75,7.7,306.0,Физика,"Минск , пр. Севастопольский, д. 622 к. 593",+375447186608
Суворов Мефодий Фролович,2023,Платная,1,2,47,10,31,31,8.4,193.0,Биология,"Борисов , наб. Щорса, д. 9 стр. 2",+375258346056
Ефимова Ираида Валериевна,2020,Целевая,50,85,100,74,63,66,6.6,325.0,Химия,"Борисов , пр. Максима Горького, д. 8/1 стр. 5",+375293342516
Дмитрий Антипович Овчинников,2025,Целевая,62,33,20,84,53,5,7.1,270.0,Математика,"Минск , бул. Котовского, д. 4/6 стр. 877",+375339743768
Кошелев Ипполит Виленович,2024,Целевая,2,25,84,28,80,68,8.0,312.0,Химия,"Барановичи , пер. Придорожный, д. 92 стр. 539",+375333641966
Прокофий Анисимович Орехов,2021,Целевая,20,61,7,24,27,81,6.3,232.0,Химия,"Брест , пер. Краснодарский, д. 894",+375296307830
Лидия Юрьевна Цветкова,2023,Платная,2,15,79,82,23,69,9.3,323.0,Химия,"Борисов , ул. Амурская, д. 6 к. 94",+375257395782
Ипатий Фролович Медведев,2021,Бюджет,2,56,40,53,6,76,8.2,267.0,История,"Минск , пер. Ключевой, д. 16 стр. 55",+375295120853
Соколов Всемил Арсенович,2023,Целевая,50,80,94,39,52,49,8.9,315.0,Химия,"Витебск , бул. Чапаева, д. 6",+375258103054
Ольга Кузьминична Капустина,2024,Платная,68,84,100,100,22,34,7.4,358.0,Химия,"Пинск , пр. Мостовой, д. 8/8",+375339698342
Терентий Феликсович Яковлев,2024,Целевая,26,29,15,77,26,39,5.3,198.0,Программирование,"Брест , ш. Садовое, д. 5/6 стр. 440",+375293182035
Константинова Регина Вениаминовна,2025,Бюджет,1,60,15,55,66,26,4.1,222.0,Химия,"Могилев , пер. Воровского, д. 7 к. 2/9",+375337013111
Андрон Герасимович Кузнецов,2024,Платная,82,43,16,57,35,51,5.1,241.0,Математика,"Орша , ул. Дальневосточная, д. 2",+375331198724
Вишнякова Антонина Викторовна,2020,Бюджет,60,15,65,59,35,31,4.5,229.0,Химия,"Брест , ш. Покровское, д. 9",+375446500946
Лазарева Агафья Эльдаровна,2021,Платная,63,38,13,48,27,30,4.7,196.0,Математика,"Пинск , ул. Больничная, д. 9/2 к. 9",+375252445123
тов. Белозеров Гурий Витальевич,2024,Бюджет,67,6,92,45,19,98,8.7,344.0,Физика,"Могилев , пер. Ильича, д. 9 стр. 174",+375442133795
Гришин Поликарп Димитриевич,2021,Платная,72,5,23,8,44,96,5.2,264.0,История,"Гродно , бул. Тупиковый, д. 3/4 к. 60",+375293319251
Быкова Оксана Васильевна,2023,Бюджет,55,37,88,24,38,38,6.7,248.0,Химия,"Витебск , ш. Огородное, д. 382",+375292151838
Евпраксия Тимофеевна Кабанова,2025,Платная,57,86,82,89,12,81,4.2,299.0,Математика,"Борисов , наб. 8-е Марта, д. 6 стр. 3/9",+375298510744
Лобанов Егор Ермилович,2020,Платная,69,1,91,83,72,92,4.7,313.0,Биология,"Пинск , пер. Коммуны, д. 2",+375298917431
Сафонов Святослав Феоктистович,2021,Платная,66,69,8,87,8,76,4.6,278.0,Программирование,"Барановичи , наб. Мира, д. 4 стр. 34",+375336749178
Егоров Никодим Филатович,2022,Целевая,3,22,68,9,69,77,4.4,258.0,Химия,"Гомель , ш. Ворошилова, д. 228",+375298072506
Екатерина Леоновна Баранова,2022,Целевая,63,57,39,61,70,63,6.0,256.0,Химия,"Брест , алл. Ореховая, д. 78 стр. 26",+375251158275
Емельянов Авксентий Игнатович,2023,Платная,13,87,72,74,57,13,6.1,294.0,Химия,"Гомель , ш. Металлургов, д. 6 к. 98",+375254100041
Любовь Альбертовна Котова,2020,Бюджет,85,46,64,16,12,51,7.0,270.0,Физика,"Орша , ш. Нижнее, д. 481 к. 430",+375250321681
Данила Геннадиевич Семенов,2023,Платная,39,39,42,64,48,86,6.5,263.0,Химия,"Минск , ул. Сенная, д. 43 к. 55",+375297747650
Зоя Станиславовна Петухова,2020,Платная,43,54,4,40,88,62,7.7,281.0,Программирование,"Пинск , ш. Курганное, д. 394",+375254268660
Жанна Валентиновна Филиппова,2025,Бюджет,76,30,97,27,5,96,7.0,339.0,Математика,"Гомель , пр. Мостовой, д. 7 к. 7",+375446282886
Аристарх Виленович Фадеев,2021,Целевая,33,26,49,30,49,100,6.2,260.0,История,"Минск , бул. Зеленый, д. 994 стр. 6/2",+375296293489
Кудрявцев Ладислав Геннадиевич,2022,Целевая,45,47,43,72,34,43,9.3,257.0,Химия,"Гомель , наб. Азовская, д. 44 к. 342",+375336740797
Аверьян Феодосьевич Богданов,2024,Бюджет,46,73,34,62,10,35,8.0,261.0,Программирование,"Борисов , бул. Димитрова, д. 462 к. 5/9",+375296899748
Софрон Фокич Рогов,2021,Платная,43,76,47,28,76,60,8.5,297.0,Химия,"Борисов , алл. Санаторная, д. 6 к. 45",+375290635717
Варвара Валентиновна Павлова,2025,Платная,94,8,5,53,59,19,7.6,282.0,Биология,"Гродно , алл. Каштановая, д. 22",+375335386415
Татьяна Антоновна Волкова,2025,Бюджет,71,91,12,5,12,90,6.5,317.0,Биология,"Минск , ул. Крайняя, д. 70 стр. 29",+375292815473
Федосеева Эмилия Кузьминична,2020,Бюджет,17,64,29,3,71,52,4.4,231.0,Биология,"Орша , алл. Дружба, д. 2 стр. 6",+375446142008
Жанна Валериевна Виноградова,2023,Платная,93,21,93,15,74,65,7.7,337.0,Биология,"Минск , бул. Казачий, д. 713 к. 746",+375448442750
Куприян Тимурович Поляков,2020,Бюджет,53,82,25,7,94,5,8.0,309.0,История,"Брест , бул. Орджоникидзе, д. 4/5",+375446857626
Алла Михайловна Зуева,2021,Бюджет,28,89,70,7,35,16,4.2,236.0,Программирование,"Борисов , бул. Матросова, д. 3/4 к. 464",+375250039498
Беспалова Александра Рубеновна,2022,Платная,19,53,97,38,67,71,8.1,316.0,Биология,"Барановичи , ш. Минина, д. 86",+375292892365
Юлия Рудольфовна Белова,2020,Бюджет,100,58,28,91,30,42,5.1,300.0,Физика,"Орша , наб. Чернышевского, д. 61",+375296083877
Колобов Агап Тимурович,2025,Целевая,83,10,82,91,66,41,8.4,340.0,История,"Могилев , ул. Надежды, д. 923 к. 61",+375441480243
Елена Алексеевна Дорофеева,2021,Бюджет,45,27,92,5,50,59,7.4,275.0,История,"Пинск , ш. Кленовое, д. 416",+375258017849
Милен Даниилович Гуляев,2021,Платная,23,49,78,100,56,39,9.7,331.0,История,"Гродно , бул. Надежды, д. 147 к. 9",+375299517471
Игнатов Давыд Давыдович,2021,Платная,77,75,21,24,17,37,8.3,272.0,Математика,"Минск , бул. Красноармейский, д. 86",+375441312928
Никитин Кондрат Ааронович,2024,Целевая,98,55,32,58,99,44,5.5,310.0,Программирование,"Могилев , алл. Ломоносова, д. 9/6",+375297324004
Селиверстова Анжела Владиславовна,2024,Бюджет,72,100,90,1,4,79,7.0,339.0,Программирование,"Могилев , ш. Казанское, д. 5 к. 80",+375258074311
г-жа Ларионова Лукия Валериевна,2022,Платная,96,81,52,100,55,66,9.8,375.0,Программирование,"Могилев , пр. Красный, д. 7/2 стр. 6",+375297035806
Субботина Вера Григорьевна,2022,Бюджет,94,63,80,30,46,55,8.9,326.0,Биология,"Барановичи , пр. Высокий, д. 76 стр. 6",+375447505135
Милица Вадимовна Голубева,2020,Платная,32,96,71,94,31,86,9.1,367.0,Химия,"Гродно , алл. Енисейская, д. 8 к. 46",+375441921603
Борисов Вацлав Валерианович,2022,Платная,43,73,17,65,21,11,5.8,239.0,Биология,"Гомель , ш. Станционное, д. 9/7 стр. 34",+375299830477
Петр Валерианович Логинов,2021,Платная,78,38,13,20,65,76,5.9,278.0,Математика,"Гродно , пр. Верхний, д. 86",+375447267238
Гордеев Тихон Иосифович,2025,Целевая,88,69,48,38,45,54,8.0,291.0,Химия,"Минск , бул. Детский, д. 793 стр. 561",+375298242596
Леон Антипович Наумов,2021,Целевая,43,69,70,99,72,3,7.5,316.0,Физика,"Пинск , ул. Зеленая, д. 5 стр. 41",+375297034539
Устинов Аскольд Бориславович,2020,Целевая,42,79,86,12,57,66,9.0,321.0,История,"Барановичи , пер. Юбилейный, д. 6/6",+375254061009
Поликарп Эдгарович Щербаков,2025,Целевая,44,16,69,41,24,91,7.9,283.0,История,"Гродно , наб. Урицкого, д. 3 к. 3",+375442271441
Ершова Ираида Филипповна,2025,Целевая,13,15,37,80,5,62,5.5,234.0,Химия,"Барановичи , пр. Кирова, д. 4/9 к. 312",+375449397886
Тимофей Владиленович Воронцов,2024,Бюджет,80,96,34,1,68,51,5.9,303.0,Химия,"Гомель , ш. Баумана, д. 3",+375332754008
Игнатов Остап Филатович,2022,Платная,67,89,85,72,78,74,4.8,300.0,Физика,"Минск , ул. Угловая, д. 8 стр. 4",+375253471372
Буров Платон Давидович,2024,Платная,45,98,59,28,76,80,9.7,351.0,Физика,"Брест , бул. Черемуховый, д. 7/1",+375330161990
Зинаида Робертовна Веселова,2021,Целевая,11,58,92,44,10,67,4.8,265.0,История,"Могилев , ул. Высотная, д. 9/7 стр. 6/7",+375291040841
Евфросиния Вениаминовна Корнилова,2024,Целевая,76,42,56,85,16,40,6.6,283.0,Химия,"Брест , пр. Петровский, д. 4/5 к. 287",+375296318246
г-н Юдин Егор Арсеньевич,2021,Целевая,50,84,46,95,11,26,6.7,296.0,Программирование,"Орша , пер. Осипенко, д. 215 стр. 22",+375298885160
Кира Святославовна Фролова,2021,Целевая,96,56,96,57,49,58,8.1,331.0,Химия,"Витебск , бул. Красноармейский, д. 256 к. 12",+375440887678
Мясникова Ирина Павловна,2021,Платная,33,56,54,52,79,15,9.2,281.0,История,"Витебск , наб. Придорожная, д. 279",+375443267075
Шубин Трифон Ильясович,2024,Платная,95,36,63,3,37,90,7.3,321.0,Биология,"Орша , пр. Сиреневый, д. 554",+375331401887
Фокина Клавдия Святославовна,2024,Целевая,79,26,87,92,3,58,6.5,323.0,История,"Брест , алл. Целинная, д. 4 к. 4/3",+375252279094
Гущин Михей Владиленович,2023,Целевая,60,7,82,83,62,19,6.1,288.0,История,"Брест , ул. Павлика Морозова, д. 3/2",+375290736665
Евсеева Василиса Валентиновна,2025,Целевая,33,63,16,47,5,94,9.0,294.0,Математика,"Минск , пр. Средний, д. 2/9",+375256802316
Аверьян Игнатович Ершов,2025,Бюджет,44,42,90,89,16,81,9.9,359.0,История,"Витебск , наб. Красногвардейская, д. 22 стр. 174",+375444732106
Мухина Раиса Викторовна,2024,Бюджет,30,69,42,75,43,93,7.5,312.0,Математика,"Гомель , наб. Геологическая, д. 37 к. 2",+375332285199
Лыткин Селиверст Валерьянович,2025,Платная,70,28,78,64,54,77,4.8,273.0,Программирование,"Могилев , пр. Лесозаводский, д. 7/1 к. 7/4",+375445604823
Мельников Спиридон Григорьевич,2023,Целевая,1,11,9,18,71,6,9.2,192.0,Химия,"Брест , ш. Заречное, д. 6/8 стр. 445",+375294874713
Фадей Федосеевич Большаков,2024,Бюджет,84,38,69,83,38,67,9.8,334.0,Биология,"Могилев , алл. Спортивная, д. 1/4 к. 1/1",+375293755189
Евдоким Яковлевич Зимин,2024,Бюджет,18,78,43,59,71,27,9.2,300.0,Химия,"Гомель , ул. Вольная, д. 41",+375444378922
Шарапова София Рубеновна,2023,Целевая,81,82,2,76,42,8,5.4,293.0,Физика,"Брест , алл. К.Маркса, д. 30",+375294755149
Русакова Жанна Ждановна,2020,Целевая,36,11,50,80,26,39,4.1,210.0,Программирование,"Барановичи , ул. Ягодная, д. 11",+375294979716
Кира Вадимовна Петрова,2024,Целевая,30,40,87,21,65,58,8.0,290.0,Программирование,"Могилев , пер. Таманский, д. 55 к. 544",+375255670032
Лукия Станиславовна Котова,2025,Целевая,52,33,75,25,96,40,7.8,301.0,Математика,"Брест , ш. Космическое, д. 59 стр. 8/3",+375295930131
Маргарита Геннадиевна Баранова,2020,Целевая,26,88,83,100,82,66,4.0,311.0,Физика,"Пинск , наб. Полярная, д. 8/6",+375446560970
Ирина Даниловна Селезнева,2025,Бюджет,91,92,23,8,27,77,6.6,326.0,Биология,"Могилев , ш. Покровское, д. 9/3 к. 5",+375336863009
Зуев Архип Игнатович,2021,Бюджет,84,47,54,16,78,41,9.7,313.0,Математика,"Барановичи , алл. Титова, д. 59",+375442595462
Акулина Валентиновна Блинова,2020,Целевая,24,86,34,44,54,15,4.8,232.0,Физика,"Пинск , пер. Станиславского, д. 7 к. 304",+375331974372
Владислав Гаврилович Рябов,2022,Бюджет,75,35,37,66,7,9,6.0,238.0,Химия,"Борисов , пр. Невского, д. 45 к. 4/5",+375256764555
Соколов Николай Захарьевич,2024,Бюджет,38,69,100,81,73,52,5.3,307.0,Математика,"Витебск , ш. Геологическое, д. 8/5 стр. 1/6",+375297729936
Комарова Надежда Архиповна,2021,Бюджет,10,88,78,37,17,44,7.1,281.0,Химия,"Борисов , наб. Мелиораторов, д. 8",+375333474588
Милица Рубеновна Фомичева,2023,Платная,52,4,38,56,25,21,7.4,220.0,Программирование,"Могилев , наб. Вишневая, д. 156 к. 3/1",+375334039057
Наина Васильевна Сафонова,2024,Бюджет,19,36,9,61,88,22,4.0,225.0,Программирование,"Гомель , бул. Волгоградский, д. 4 стр. 948",+375295422255
Михайлова Глафира Дмитриевна,2022,Бюджет,60,37,70,37,23,40,9.8,268.0,История,"Орша , ш. Грибоедова, д. 7/6 к. 71",+375252572508
Владимирова Феврония Владимировна,2021,Целевая,4,97,99,14,43,35,9.5,334.0,Физика,"Минск , ш. Блюхера, д. 6 к. 6/5",+375446387722
Лукия Макаровна Михайлова,2020,Целевая,81,88,70,65,74,38,9.5,338.0,Физика,"Брест , алл. Севастопольская, д. 6 к. 15",+375250356110
Белоусова Любовь Ждановна,2025,Бюджет,55,78,82,41,84,72,7.9,323.0,Биология,"Витебск , бул. Путевой, д. 43 стр. 93",+375335078242
Пономарева Регина Вениаминовна,2025,Бюджет,90,6,59,52,36,82,6.9,300.0,Физика,"Гродно , ул. Дзержинского, д. 1/3 к. 219",+375444161732
Анжелика Олеговна Алексеева,2024,Целевая,81,23,97,34,45,91,7.5,344.0,История,"Борисов , ул. Коммунальная, д. 9 к. 8/9",+375449273418
Максимова Пелагея Юрьевна,2023,Платная,71,10,88,62,40,34,9.3,314.0,Химия,"Витебск , ул. Гончарова, д. 288",+375441946983
Виссарион Августович Шилов,2025,Целевая,93,40,71,23,97,33,7.7,338.0,Физика,"Минск , ул. Толбухина, д. 924",+375333649902
Ярополк Давыдович Капустин,2024,Бюджет,48,73,54,68,26,80,4.7,268.0,Биология,"Гродно , наб. Щетинкина, д. 9",+375448720315
Васильева Глафира Болеславовна,2020,Целевая,87,93,52,47,46,67,6.7,314.0,Математика,"Борисов , бул. Курский, д. 62",+375298583392
Любосмысл Жоресович Яковлев,2022,Бюджет,9,45,68,76,82,14,8.7,313.0,Программирование,"Брест , ш. Пограничное, д. 65",+375257923447
Севастьян Тихонович Бирюков,2021,Платная,93,34,100,43,1,42,4.1,277.0,Биология,"Могилев , ш. Ольховое, д. 3/8",+375331106617
Попов Влас Эдгардович,2025,Бюджет,34,72,12,11,72,78,5.1,273.0,Физика,"Орша , ш. Матросова, д. 216",+375297155522
Людмила Владиславовна Миронова,2024,Целевая,79,19,2,78,81,51,7.2,310.0,Биология,"Витебск , ул. Фрунзе, д. 6/4 к. 58",+375256919857
Попова Маргарита Мироновна,2023,Бюджет,63,97,72,96,8,95,8.3,371.0,Программирование,"Гомель , наб. Краснопартизанская, д. 7 к. 3",+375252814930
Красильникова Полина Ивановна,2025,Бюджет,18,8,74,24,94,28,6.2,258.0,Химия,"Минск , бул. Алтайский, д. 87",+375290809571
Петухова Анастасия Захаровна,2020,Целевая,62,74,94,55,97,33,8.6,351.0,Химия,"Пинск , ш. Жуковского, д. 6",+375332997633
Анна Петровна Беляева,2023,Бюджет,38,47,4,51,34,53,9.9,250.0,Химия,"Витебск , алл. Щетинкина, д. 8/9 стр. 2",+375443937208
Тихонов Лавр Ерофеевич,2022,Платная,82,78,49,55,94,29,8.4,338.0,История,"Минск , пер. Главный, д. 5 стр. 50",+375291851317
Маргарита Рубеновна Самсонова,2023,Целевая,43,15,20,30,6,79,8.7,239.0,Математика,"Пинск , пер. Металлургов, д. 1/8 к. 45",+375293562986
Никитин Доброслав Бориславович,2022,Бюджет,79,38,57,57,71,60,4.4,254.0,Программирование,"Барановичи , пер. Шишкина, д. 1 стр. 86",+375252031369
Алина Васильевна Мартынова,2025,Целевая,95,96,14,30,86,28,6.0,337.0,История,"Орша , бул. Лунный, д. 8",+375256866902
Василиса Руслановна Голубева,2025,Бюджет,97,9,19,98,36,10,6.2,293.0,Биология,"Минск , алл. Тамбовская, д. 14 к. 290",+375257809937
Селиверстов Агафон Данилович,2020,Бюджет,76,61,61,23,78,54,5.9,274.0,Математика,"Брест , алл. Советов, д. 8/5",+375254380921
г-н Ершов Данила Антипович,2020,Целевая,92,71,58,21,54,67,9.9,329.0,Химия,"Могилев , ул. Чапаева, д. 74 стр. 5",+375259137378
Анжелика Валентиновна Громова,2024,Бюджет,4,33,44,12,59,39,7.6,218.0,Физика,"Брест , наб. Панфилова, д. 9/8 стр. 3",+375444955370
Ираклий Борисович Сергеев,2024,Платная,94,77,6,36,2,95,6.4,330.0,Физика,"Витебск , ш. Серова, д. 66",+375334575416
Королева Оксана Валентиновна,2022,Платная,95,23,93,12,38,48,5.1,287.0,Программирование,"Барановичи , бул. Отрадный, д. 2 к. 66",+375298382973
Марина Харитоновна Власова,2023,Бюджет,91,100,83,65,85,49,7.1,347.0,История,"Гродно , ш. Саратовское, д. 1/6 стр. 756",+375297051635
Агафонова Светлана Леоновна,2023,Бюджет,30,23,29,13,99,66,6.4,259.0,Математика,"Борисов , наб. Коммунистическая, д. 20 к. 28",+375335286047
Одинцова Маргарита Кирилловна,2023,Платная,78,73,88,1,58,1,9.2,331.0,Биология,"Минск , пр. Ветеранов, д. 561 стр. 908",+375446679074
Евпраксия Даниловна Шубина,2023,Платная,62,85,36,93,77,23,5.2,307.0,Программирование,"Минск , ул. Лесная, д. 6/9 стр. 736",+375339017148
Радислав Игоревич Андреев,2024,Бюджет,76,53,55,55,88,18,5.4,273.0,Математика,"Барановичи , пер. Станиславского, д. 5 стр. 69",+375332499138
Федоров Савватий Борисович,2021,Платная,65,84,86,30,33,49,7.3,308.0,Биология,"Могилев , пер. Репина, д. 5 к. 8/2",+375250172090
Фомина Светлана Олеговна,2025,Целевая,81,66,83,79,89,85,8.9,346.0,Математика,"Минск , ш. Васильковое, д. 6/5 стр. 69",+375333136921
Архипова Анна Афанасьевна,2023,Бюджет,49,2,18,13,31,7,9.5,193.0,Биология,"Гродно , наб. Одесская, д. 9/9",+375257997433
Костина Евдокия Георгиевна,2020,Целевая,17,100,25,12,27,100,6.1,288.0,Химия,"Гродно , пр. Кошевого, д. 7 к. 9/7",+375293277506
Константинов Фирс Феофанович,2023,Целевая,42,38,57,78,100,100,5.4,332.0,Математика,"Гомель , ул. Шмидта, д. 1/4 стр. 2/1",+375292007857
Таисия Павловна Морозова,2022,Бюджет,49,57,10,45,17,59,9.4,259.0,Физика,"Пинск , пер. Авиационный, д. 42 к. 449",+375444191521
тов. Пахомов Иван Герасимович,2021,Бюджет,50,88,35,55,60,96,7.2,316.0,Программирование,"Гомель , пр. Механизаторов, д. 456 стр. 11",+375331776348
Евстафий Аксёнович Лапин,2025,Бюджет,93,86,74,80,84,17,5.9,322.0,История,"Брест , наб. Гафури, д. 651",+375334954293
Кузнецов Трофим Гаврилович,2024,Бюджет,5,71,14,98,46,51,8.9,309.0,Программирование,"Брест , пр. Мельничный, д. 27 стр. 7/9",+375258391293
Парамон Архипович Носков,2023,Целевая,47,58,95,41,6,38,6.8,268.0,Физика,"Орша , наб. Шмидта, д. 617 стр. 777",+375446281856
Вероника Геннадиевна Михайлова,2025,Целевая,44,26,46,74,80,38,9.9,299.0,Программирование,"Пинск , алл. Весенняя, д. 6",+375338316460
Ефимова Евпраксия Наумовна,2020,Целевая,28,71,78,1,30,77,5.5,281.0,Биология,"Гродно , пр. Трудовой, д. 9 стр. 22",+375330796644
Гусева Алла Кузьминична,2020,Целевая,1,44,11,83,96,57,5.4,290.0,Физика,"Могилев , ш. Мельничное, д. 253 стр. 1",+375299863690
Шестаков Мирослав Алексеевич,2020,Целевая,56,68,89,31,87,90,9.9,365.0,Химия,"Гомель , пр. Олимпийский, д. 155 к. 32",+375259026923
Наумов Лев Гавриилович,2023,Бюджет,3,38,98,59,42,45,5.7,259.0,Программирование,"Гродно , бул. Целинный, д. 1/1",+375293840921
Ширяев Кузьма Бориславович,2020,Бюджет,50,86,28,29,94,31,4.4,274.0,Математика,"Минск , пр. Заводской, д. 358 к. 2/9",+375250538447
Сафонова Анна Олеговна,2022,Целевая,28,21,88,73,85,31,5.8,304.0,Химия,"Минск , пр. Станиславского, д. 87 к. 161",+375257751059
Рябова Лидия Яковлевна,2025,Платная,13,67,30,60,86,46,9.6,309.0,Физика,"Барановичи , алл. Гражданская, д. 297 к. 4/7",+375333535711
Влас Артёмович Семенов,2020,Бюджет,40,42,82,86,66,57,8.9,323.0,История,"Витебск , бул. Советов, д. 9/6 к. 1",+375293691653
Алла Романовна Агафонова,2020,Целевая,27,36,86,20,74,25,4.8,244.0,История,"Барановичи , наб. Осенняя, д. 5 стр. 205",+375332595381
Емельян Богданович Гришин,2021,Бюджет,83,60,28,11,83,21,7.7,303.0,Физика,"Гомель , ул. Абрикосовая, д. 4/9",+375331470249
Жанна Георгиевна Моисеева,2024,Бюджет,62,36,12,53,6,62,8.1,258.0,История,"Брест , пр. Кузнецкий, д. 70 стр. 5",+375443711979
Горбачев Мирослав Теймуразович,2025,Бюджет,59,3,73,12,53,68,8.3,283.0,Биология,"Орша , пер. Карла Маркса, д. 6/2 стр. 2/2",+375297692139
Исай Феодосьевич Юдин,2024,Целевая,70,81,96,83,82,20,8.1,342.0,Биология,"Пинск , наб. Ручейная, д. 7 к. 6/2",+375334583780
Ростислав Терентьевич Красильников,2020,Платная,10,75,97,61,92,94,6.7,350.0,Физика,"Могилев , пр. Логовой, д. 3 стр. 78",+375299178083
Зуев Бронислав Герасимович,2022,Бюджет,36,100,25,9,71,70,7.9,320.0,История,"Гомель , ул. Котовского, д. 316",+375293187854
Кондратий Вячеславович Мишин,2023,Целевая,23,18,27,98,47,84,4.4,273.0,Химия,"Минск , ш. Кузнечное, д. 6 к. 3/5",+375335110392
Макаров Ким Дмитриевич,2025,Бюджет,6,92,71,57,97,15,7.5,335.0,Физика,"Гродно , пр. 50 лет Октября, д. 4 к. 65",+375331583645
Адриан Фадеевич Терентьев,2021,Платная,98,68,74,48,94,71,9.6,362.0,Математика,"Пинск , алл. Никитина, д. 2 к. 27",+375443832613
Аполлон Викентьевич Богданов,2024,Платная,2,26,84,49,44,7,8.2,259.0,Программирование,"Гродно , бул. Февральский, д. 66",+375252891682
Гремислав Гаврилович Устинов,2020,Целевая,71,29,14,63,1,12,5.3,216.0,Биология,"Гродно , бул. Льва Толстого, д. 77 к. 4/5",+375339638710
Виноградов Богдан Евстигнеевич,2023,Платная,24,94,49,28,70,93,5.0,307.0,Программирование,"Гомель , наб. Курчатова, д. 38 к. 8/5",+375292983578
Хохлова Пелагея Ильинична,2021,Целевая,33,61,17,25,39,32,5.8,191.0,Программирование,"Брест , ул. Мостовая, д. 7",+375250348594
Данилов Андрей Иларионович,2022,Платная,49,47,17,53,12,74,4.1,217.0,Программирование,"Минск , алл. Ватутина, д. 87",+375338356194
Валентина Ефимовна Лихачева,2024,Целевая,84,46,84,17,52,88,7.3,329.0,Программирование,"Барановичи , ул. ДОС, д. 36 стр. 71",+375330264054
Твердислав Игнатович Тарасов,2022,Целевая,61,23,51,72,2,7,9.8,282.0,Физика,"Брест , бул. Большой, д. 21",+375330675136
Гордей Евсеевич Сафонов,2020,Бюджет,83,8,64,90,93,61,8.0,346.0,История,"Борисов , пр. Тракторный, д. 4 к. 37",+375291048765
Октябрина Вадимовна Антонова,2020,Платная,27,55,48,57,95,84,6.0,296.0,Математика,"Борисов , пер. Войкова, д. 65 стр. 2",+375290136426
Константин Ефимович Ковалев,2023,Платная,30,44,45,70,43,68,4.1,224.0,Программирование,"Минск , наб. Культуры, д. 7/5",+375444645289
Баранов Милован Харитонович,2023,Целевая,97,16,71,83,53,69,7.0,321.0,Биология,"Барановичи , алл. Димитрова, д. 4/3 стр. 513",+375258087231
Еремей Брониславович Архипов,2024,Целевая,33,51,23,37,96,66,4.5,258.0,Физика,"Могилев , алл. Подгорная, д. 807",+375258056583
Мирон Харлампьевич Гордеев,2022,Бюджет,97,6,89,3,23,89,7.0,345.0,Математика,"Брест , алл. Калинина, д. 2/2",+375256934404
Гаврилова Нонна Владиславовна,2025,Платная,36,7,6,85,50,79,4.4,258.0,Математика,"Борисов , алл. Чернышевского, д. 712",+375442363873
Ян Фокич Ильин,2025,Платная,3,14,7,93,20,87,9.0,290.0,Биология,"Гомель , ш. Загородное, д. 4/1 стр. 1/5",+375338699998
Василиса Вениаминовна Ефимова,2024,Платная,62,48,47,69,40,62,8.3,276.0,История,"Барановичи , пр. Революции, д. 8/4 стр. 7",+375444894029
Некрасова Марфа Евгеньевна,2024,Целевая,88,95,71,2,55,24,8.9,343.0,Программирование,"Пинск , ш. ДОС, д. 395 к. 572",+375252791439
Антонова Элеонора Кузьминична,2024,Платная,99,53,56,91,54,38,6.7,313.0,История,"Могилев , пер. Хуторской, д. 489",+375258660027
Суханов Эраст Феликсович,2024,Целевая,68,33,80,26,97,98,4.2,317.0,Физика,"Гродно , пр. Ермака, д. 7",+375295502997
Силантий Эдгардович Горбунов,2023,Целевая,17,70,32,18,30,51,4.9,202.0,История,"Могилев , бул. Торговый, д. 3/9 стр. 5",+375442850158
Осипова Ангелина Эльдаровна,2020,Платная,85,58,95,64,68,70,7.4,324.0,Математика,"Орша , пр. Папанина, д. 8 стр. 655",+375259766994
Галкин Валерьян Бенедиктович,2020,Целевая,79,26,73,71,47,95,6.7,314.0,Программирование,"Борисов , пер. Черняховского, д. 95 стр. 610",+375336848752
Соболева Ия Вячеславовна,2020,Платная,29,52,74,39,43,72,9.0,288.0,Математика,"Гродно , ш. Орджоникидзе, д. 3",+375445065716
Иванна Рубеновна Сидорова,2022,Бюджет,38,37,7,6,46,76,7.0,230.0,Программирование,"Барановичи , бул. Мичурина, д. 48",+375255550108
Зуева Вероника Тимофеевна,2021,Платная,53,50,24,27,82,36,8.2,267.0,Математика,"Борисов , алл. Индустриальная, д. 49",+375440365882
Ковалев Софон Гавриилович,2025,Целевая,21,41,4,28,100,38,5.7,236.0,Химия,"Пинск , бул. Рылеева, д. 5 к. 5",+375337075062
Мухин Назар Вилорович,2025,Бюджет,31,95,92,62,66,31,5.0,303.0,История,"Витебск , бул. Циолковского, д. 3 к. 739",+375442291732
Сидор Арсеньевич Буров,2024,Целевая,17,21,35,69,49,49,5.0,217.0,Физика,"Гродно , бул. Металлургов, д. 1/8 стр. 3/5",+375296637886
Рыбакова Светлана Макаровна,2024,Целевая,69,97,2,38,52,76,4.8,290.0,Физика,"Могилев , бул. Семашко, д. 872 к. 875",+375297722672
Дорофеев Милий Жанович,2023,Целевая,71,89,90,66,85,73,4.8,312.0,Математика,"Гомель , алл. Трудовая, д. 61 к. 150",+375290786841
Терентьева Феврония Даниловна,2023,Бюджет,76,61,68,73,53,82,7.5,306.0,Математика,"Борисов , алл. Сахалинская, д. 682 стр. 50",+375296575553
Доронин Азарий Владленович,2023,Целевая,100,79,52,18,11,69,7.6,324.0,Физика,"Барановичи , пер. Чехова, д. 724",+375254724498
Ангелина Феликсовна Игнатова,2024,Платная,98,61,16,64,58,43,7.8,301.0,Математика,"Брест , бул. Линейный, д. 422 стр. 20",+375337527692
Архип Арсеньевич Михеев,2024,Платная,70,31,22,86,15,46,5.7,259.0,Биология,"Витебск , бул. Ростовский, д. 945 стр. 7/3",+375442803505
Кулагин Устин Артурович,2021,Платная,46,54,85,44,10,97,7.7,313.0,Химия,"Барановичи , бул. Социалистический, д. 4/7",+375336693728
Королев Велимир Жоресович,2020,Бюджет,12,18,2,67,17,48,5.6,189.0,Биология,"Пинск , алл. Черняховского, д. 64 к. 115",+375291224467
Прокл Борисович Анисимов,2024,Бюджет,75,6,85,18,22,15,5.2,234.0,Химия,"Минск , пер. Полтавский, д. 9",+375257737233
Фортунат Трифонович Быков,2020,Платная,47,46,42,30,22,27,9.7,232.0,Программирование,"Витебск , пр. Коммунальный, д. 4",+375257780332
Мария Мироновна Воробьева,2020,Платная,29,25,42,55,58,57,6.6,236.0,Математика,"Могилев , ул. Радужная, д. 51 к. 656",+375444294816
Ермаков Милен Трофимович,2020,Платная,65,28,11,7,38,18,9.0,221.0,Биология,"Пинск , бул. Комсомольский, д. 603 к. 3/5",+375442009800
Наумов Георгий Демьянович,2024,Бюджет,55,77,21,83,61,77,6.0,297.0,Биология,"Пинск , пер. Дружбы, д. 9/2 стр. 1",+375443653616
Блинова Елизавета Богдановна,2022,Целевая,66,89,28,57,55,59,7.5,289.0,Химия,"Витебск , пер. Средний, д. 922 стр. 7/7",+375296526303
г-жа Фомичева Ираида Романовна,2024,Целевая,54,38,90,45,24,64,7.3,281.0,Биология,"Гомель , ш. Чехова, д. 5/7",+375445822406
Степанов Феоктист Анатольевич,2024,Платная,26,69,69,75,98,17,8.1,323.0,Физика,"Гродно , ул. Школьная, д. 921 к. 99",+375444421749
Савина София Сергеевна,2024,Целевая,17,99,61,17,66,36,7.9,305.0,История,"Витебск , ул. Маркса, д. 6/7 к. 1",+375291700913
Феликс Эдуардович Попов,2022,Бюджет,68,31,67,95,14,61,5.7,287.0,Химия,"Борисов , бул. Пожарского, д. 4 к. 12",+375293911241
Жукова Татьяна Оскаровна,2024,Бюджет,40,55,22,50,11,50,9.4,249.0,Математика,"Гродно , бул. Кузнецкий, д. 8 стр. 6/4",+375332266691
Фаина Архиповна Артемьева,2021,Бюджет,1,91,82,90,62,47,8.8,351.0,Химия,"Пинск , пер. Надежды, д. 9 к. 9/1",+375449381805
Кир Анисимович Харитонов,2021,Бюджет,8,24,75,27,16,88,6.1,251.0,Программирование,"Борисов , ш. Большевистское, д. 59 стр. 864",+375258065848
Полина Геннадиевна Пахомова,2021,Целевая,70,67,75,38,85,66,7.9,309.0,Программирование,"Борисов , ул. Коллективная, д. 54",+375440590300
Зыкова Анжела Анатольевна,2024,Целевая,9,10,80,80,9,13,5.4,227.0,Программирование,"Витебск , бул. Аэродромный, д. 419 стр. 652",+375294970125
Майя Болеславовна Федорова,2022,Целевая,27,57,80,93,53,63,7.7,313.0,Программирование,"Гродно , ш. Депутатское, д. 110",+375254934306
Орехова Агата Михайловна,2023,Платная,75,36,65,7,18,75,7.2,287.0,Физика,"Витебск , пр. Мелиоративный, д. 6 стр. 2/9",+375335470372
Казимир Витальевич Медведев,2024,Платная,97,57,79,67,52,32,6.5,308.0,Физика,"Гродно , пер. Сурикова, д. 81",+375294114056
Медведев Климент Арсеньевич,2025,Платная,70,8,73,61,10,7,9.5,299.0,Физика,"Минск , алл. Донская, д. 25 стр. 39",+375293094339
Сазонов Самсон Анатольевич,2021,Бюджет,55,21,8,32,92,24,7.9,258.0,История,"Орша , ш. Новостройка, д. 634 к. 49",+375441609548
Валентина Наумовна Орлова,2024,Платная,58,77,100,11,90,19,8.2,349.0,Биология,"Брест , алл. Л.Толстого, д. 8 к. 34",+375338661055
Фадей Абрамович Давыдов,2025,Платная,91,51,10,21,8,30,9.3,265.0,Физика,"Гродно , пер. Кирова, д. 58",+375297819840
Шубин Галактион Юльевич,2020,Платная,18,76,65,30,35,26,8.0,256.0,Программирование,"Витебск , бул. Гайдара, д. 4 к. 50",+375294895380
Блохин Осип Устинович,2025,Платная,7,1,93,29,38,48,5.7,236.0,Биология,"Барановичи , наб. Черемуховая, д. 7/5",+375296750731
Марина Алексеевна Коновалова,2023,Целевая,17,27,2,69,77,11,8.7,260.0,Физика,"Барановичи , алл. Пионерская, д. 54 к. 4/9",+375290149434
Кондратьев Артемий Александрович,2023,Платная,84,78,100,93,22,30,8.3,360.0,Математика,"Орша , пер. Лесхозный, д. 8/4",+375330809484
Панова Елизавета Кузьминична,2023,Целевая,85,29,24,17,73,76,5.7,291.0,Математика,"Барановичи , пер. Родниковый, д. 877 к. 8/2",+375332952833
Эмилия Геннадьевна Бирюкова,2024,Целевая,11,3,1,11,46,59,5.1,167.0,Программирование,"Барановичи , пер. Виноградный, д. 8/4",+375449138497
Дьячков Спиридон Арсеньевич,2023,Бюджет,49,38,9,21,90,22,8.5,262.0,Программирование,"Гомель , пр. 70 лет Октября, д. 303 к. 655",+375443365298
Евсеева Нина Афанасьевна,2021,Бюджет,41,2,88,81,22,64,8.2,315.0,Программирование,"Могилев , пер. Жукова, д. 1/2",+375447481208
Виктория Мироновна Корнилова,2025,Целевая,89,94,80,86,20,87,7.1,341.0,Программирование,"Могилев , бул. З.Космодемьянской, д. 880 стр. 99",+375250263893
Валерия Аркадьевна Гуляева,2025,Целевая,20,91,12,78,15,57,9.2,318.0,Биология,"Гомель , пр. Украинский, д. 49 к. 74",+375259065855
Федотов Христофор Артемьевич,2025,Целевая,26,87,29,84,48,4,5.6,275.0,Математика,"Гродно , бул. Песчаный, д. 137 стр. 9/2",+375294668162
Раиса Антоновна Мартынова,2020,Целевая,75,20,11,89,19,12,9.5,279.0,Физика,"Гомель , ш. Тополиное, д. 8 к. 35",+375442051897
София Харитоновна Дементьева,2023,Платная,45,76,33,76,35,77,8.4,313.0,Физика,"Минск , наб. Прудная, д. 58 стр. 8",+375339586699
Филатова Валентина Вениаминовна,2022,Бюджет,48,65,59,56,31,14,6.1,241.0,Программирование,"Орша , бул. Юбилейный, д. 81 стр. 9",+375333394883
Козлов Владислав Вилорович,2023,Бюджет,72,99,35,10,74,99,7.2,344.0,Химия,"Гродно , пер. Высоковольтный, д. 823",+375338420325
Порфирий Изотович Федотов,2022,Бюджет,57,94,83,86,17,71,5.5,318.0,Химия,"Витебск , ш. Р.Люксембург, д. 7/2 к. 2",+375291949101
Котов Наум Феофанович,2021,Целевая,5,58,73,80,86,70,6.1,300.0,История,"Борисов , пер. Ключевой, д. 1",+375252319485
Куликова Любовь Алексеевна,2024,Целевая,3,6,96,57,11,100,6.8,321.0,Математика,"Минск , бул. Тимирязева, д. 33 стр. 77",+375251631243
Фокин Еремей Димитриевич,2020,Целевая,73,57,18,96,35,19,6.9,295.0,История,"Брест , пер. Молодежный, д. 1 стр. 51",+375449953252
Нонна Васильевна Белоусова,2023,Бюджет,82,72,71,90,5,72,7.6,320.0,Физика,"Могилев , ш. Вольное, д. 6 стр. 6",+375258299688
Кузнецова Дарья Львовна,2025,Бюджет,67,45,96,82,80,36,9.5,353.0,Химия,"Минск , ш. Кооперативное, д. 7",+375332461209
Горшков Силантий Григорьевич,2021,Целевая,80,82,48,4,84,85,8.3,334.0,История,"Могилев , наб. Целинная, д. 8 стр. 93",+375293416098
Кулагина Милица Дмитриевна,2020,Целевая,96,83,94,62,71,49,9.2,365.0,Математика,"Борисов , наб. 40 лет Победы, д. 32 стр. 9/8",+375291121866
Ильина Наина Феликсовна,2025,Платная,94,71,6,64,54,78,9.8,341.0,Химия,"Гомель , ш. Таежное, д. 6/9 стр. 2/7",+375449525128
Никонова Вера Эдуардовна,2022,Бюджет,11,76,45,7,11,97,6.8,286.0,Биология,"Витебск , пер. Трудовой, д. 8/6 к. 1",+375442230473
Мокей Григорьевич Шашков,2020,Платная,59,64,57,94,89,13,6.1,308.0,Химия,"Могилев , пер. Ленина, д. 6 стр. 1/8",+375440166993
Полина Михайловна Якушева,2024,Платная,88,75,21,20,17,72,9.1,326.0,Биология,"Могилев , наб. Парижской Коммуны, д. 7 стр. 4",+375445108603
Кулагина Мария Львовна,2020,Целевая,11,63,26,86,11,92,5.0,291.0,Химия,"Брест , пр. Станиславского, д. 5/3 к. 8",+375337723783
Силина Евгения Дмитриевна,2022,Бюджет,52,64,6,12,37,77,8.3,276.0,Физика,"Минск , ул. Панфилова, д. 7 к. 452",+375290187931
Авксентий Авдеевич Устинов,2020,Платная,29,4,26,2,42,22,8.2,179.0,Физика,"Орша , пр. Азовский, д. 5 к. 2",+375253153550
Лаврентьев Конон Витальевич,2023,Бюджет,56,17,49,31,53,83,5.7,249.0,История,"Орша , пр. Боровой, д. 814 к. 3/5",+375293833499
Кузьма Бориславович Осипов,2022,Платная,27,54,49,60,28,34,8.1,244.0,Химия,"Минск , пр. Карла Маркса, д. 395 стр. 829",+375332898868
Аверкий Давыдович Бобылев,2025,Целевая,18,29,81,98,6,89,7.1,339.0,Химия,"Орша , ш. Учительское, д. 89 к. 222",+375295255803
Воробьева Глафира Вячеславовна,2022,Бюджет,11,24,48,37,69,37,7.6,230.0,Биология,"Могилев , ул. Авиационная, д. 5 стр. 7/9",+375297153810
Алла Тимуровна Лебедева,2023,Целевая,66,38,57,33,8,62,4.2,227.0,Математика,"Минск , наб. Московская, д. 26",+375257893627
Агафья Анатольевна Копылова,2021,Бюджет,67,68,78,14,73,55,6.5,284.0,История,"Пинск , пр. Кирпичный, д. 3/2 стр. 3/7",+375254317904
Семенова Марина Константиновна,2025,Платная,92,61,90,65,71,34,5.6,309.0,Программирование,"Барановичи , алл. Красногвардейская, д. 418 к. 916",+375292439406
Нонна Альбертовна Крылова,2022,Бюджет,34,38,33,84,19,28,8.7,243.0,Программирование,"Минск , наб. Ольховая, д. 7/2 стр. 4/6",+375295626938
Кузнецова Евдокия Тимофеевна,2021,Целевая,46,67,37,22,94,67,7.6,304.0,Программирование,"Барановичи , бул. Набережный, д. 4/1",+375250173416
Алексеева Акулина Константиновна,2025,Бюджет,23,28,32,78,85,93,8.1,337.0,Математика,"Гродно , ул. Кавказская, д. 466",+375339001409
Харитонова Татьяна Сергеевна,2025,Платная,88,100,40,1,64,84,8.8,360.0,История,"Минск , алл. Речная, д. 8 стр. 21",+375291757778
Кузнецова Анжела Вадимовна,2024,Платная,54,46,32,96,91,57,7.6,320.0,Математика,"Могилев , наб. Союзная, д. 395",+375297075776
Карп Измаилович Тетерин,2024,Бюджет,84,7,59,25,77,92,7.5,328.0,Программирование,"Гродно , пр. Российский, д. 8 к. 621",+375338523456
Роман Валерьевич Терентьев,2022,Платная,27,46,22,75,7,13,4.6,194.0,Биология,"Витебск , алл. Невского, д. 20",+375256737720
Надежда Ждановна Михеева,2024,Бюджет,46,81,19,3,72,73,7.9,305.0,Физика,"Борисов , алл. Краснодарская, д. 2 стр. 5",+375258041635
Блинова Агафья Александровна,2020,Целевая,93,100,87,27,20,13,7.2,352.0,История,"Минск , бул. Парижской Коммуны, д. 4/2 стр. 6/9",+375335912788
Шестаков Викторин Марсович,2024,Платная,74,68,48,34,50,59,10.0,301.0,Программирование,"Борисов , пер. Тукая, д. 22 к. 9",+375252625449
Чернов Аверьян Иларионович,2024,Бюджет,70,34,2,54,62,50,9.1,277.0,Математика,"Борисов , бул. Ангарский, д. 4/8 к. 71",+375258436203
Силантий Афанасьевич Рогов,2020,Целевая,83,33,12,41,56,72,8.1,292.0,Физика,"Могилев , пр. Медицинский, д. 351 стр. 7",+375290976121
Герасимов Исидор Фадеевич,2024,Бюджет,5,29,6,32,24,51,7.1,183.0,Физика,"Гродно , алл. 1 Мая, д. 15",+375253658991
Егорова Вера Юрьевна,2025,Платная,62,3,66,50,57,79,6.5,272.0,Биология,"Гомель , ш. Крупской, д. 2",+375297175889
Глафира Леоновна Петухова,2023,Платная,18,90,66,1,63,34,4.2,261.0,История,"Гомель , бул. Минина, д. 4/9",+375297243757
Макаров Селиван Георгиевич,2023,Платная,32,30,21,70,9,45,6.8,215.0,Химия,"Гомель , бул. Ермака, д. 8/6 стр. 7/5",+375336438980
Трофимова Евгения Рудольфовна,2024,Платная,6,24,100,31,8,83,6.0,274.0,Химия,"Орша , ул. Производственная, д. 427 к. 188",+375291136752
Ширяев Станимир Егорович,2020,Платная,4,47,75,66,67,44,9.9,307.0,История,"Минск , пер. Дачный, д. 75 стр. 90",+375335640200
Белов Платон Валентинович,2021,Целевая,94,23,49,56,52,25,6.7,269.0,Физика,"Барановичи , алл. Баумана, д. 766",+375448079191
Евдоким Изотович Кузьмин,2023,Бюджет,93,5,34,91,69,92,9.0,366.0,Физика,"Минск , наб. Пограничная, д. 86",+375256136189
Блинова Иванна Петровна,2022,Бюджет,77,81,19,81,37,89,9.1,342.0,История,"Барановичи , ш. Загородное, д. 5",+375335616216
Богдан Артемьевич Павлов,2021,Целевая,97,9,36,51,75,33,6.8,291.0,Программирование,"Могилев , пр. Заозерный, д. 373 к. 3",+375256168850
Муравьева Синклитикия Юрьевна,2021,Платная,51,89,53,86,18,94,7.2,341.0,История,"Минск , наб. О.Кошевого, д. 50",+375441042018
Мясникова Иванна Даниловна,2023,Бюджет,49,6,47,56,60,21,10.0,265.0,Биология,"Гродно , ш. Мостовое, д. 7/1",+375259139708
Оксана Семеновна Дорофеева,2024,Платная,9,48,12,70,77,66,9.0,303.0,Программирование,"Минск , ул. Рябиновая, д. 5/1 стр. 6/8",+375332780035
Василиса Егоровна Костина,2020,Бюджет,49,56,74,50,84,16,9.6,310.0,Биология,"Брест , ш. Котовского, д. 66 к. 120",+375443674714
Рожкова Дарья Владимировна,2022,Бюджет,82,91,83,95,97,46,8.8,371.0,Программирование,"Орша , пр. Снежный, д. 5 стр. 9",+375297395723
Ладислав Валерьевич Брагин,2020,Платная,1,98,70,91,10,29,8.8,347.0,Программирование,"Гродно , ш. Р.Люксембург, д. 9",+375337753364
Кондратьева Ксения Мироновна,2025,Платная,53,72,27,53,35,68,8.0,273.0,Биология,"Брест , пр. Фабричный, д. 2/1 к. 126",+375259916952
Ипполит Якубович Соловьев,2023,Бюджет,11,52,44,47,41,66,9.5,260.0,Физика,"Брест , пр. Прудный, д. 78 стр. 8",+375331907888
Веселова Юлия Эдуардовна,2022,Платная,99,72,3,40,27,60,9.8,329.0,Биология,"Барановичи , ул. Шмидта, д. 91",+375336458880
Гурьев Авксентий Евстигнеевич,2025,Бюджет,84,15,34,60,8,67,7.5,286.0,История,"Пинск , наб. Механизаторов, д. 300 к. 32",+375254252939
Лидия Леонидовна Гаврилова,2022,Платная,26,90,46,61,30,53,7.7,281.0,Программирование,"Минск , пр. Фадеева, д. 336",+375449261947
Ермакова Раиса Степановна,2024,Платная,25,72,1,6,49,43,8.7,251.0,Математика,"Барановичи , ш. Тюленина, д. 56 стр. 285",+375292952358
Прохорова Ксения Юльевна,2020,Целевая,38,26,14,39,69,95,8.4,287.0,Химия,"Орша , алл. Цветочная, д. 1/4",+375440478747
Иванна Вениаминовна Иванова,2022,Бюджет,100,83,94,79,34,98,9.1,383.0,Программирование,"Барановичи , пр. Бульварный, д. 53 стр. 5/7",+375257377875
Маргарита Болеславовна Фомина,2024,Бюджет,87,16,87,85,51,47,5.1,310.0,Биология,"Орша , пр. Рязанский, д. 4/2",+375257813703
Федосий Игоревич Рыбаков,2023,Бюджет,6,38,46,95,10,65,4.7,253.0,Химия,"Пинск , ш. Одесское, д. 23 стр. 441",+375299391244
Виталий Владиславович Абрамов,2024,Целевая,49,52,29,38,8,79,5.7,237.0,История,"Витебск , алл. Олега Кошевого, д. 14 стр. 363",+375332185233
Маслов Светозар Исидорович,2022,Целевая,63,10,34,71,14,23,9.6,264.0,Программирование,"Могилев , пер. Февральский, д. 918 стр. 626",+375250812806
Пестов Савелий Гурьевич,2024,Целевая,10,71,21,63,19,97,9.7,328.0,История,"Могилев , алл. Западная, д. 8/4 стр. 5/8",+375299172577
Мартынов Варфоломей Феофанович,2022,Платная,62,95,60,36,69,72,9.2,328.0,История,"Витебск , ул. Льва Толстого, д. 82 стр. 6",+375330493583
Наталья Алексеевна Котова,2025,Платная,38,28,30,43,45,29,9.8,224.0,Физика,"Орша , алл. Чайковского, д. 5",+375290774226
Ладислав Герасимович Некрасов,2025,Платная,83,81,40,66,13,99,5.9,322.0,Физика,"Минск , ул. Достоевского, д. 74",+375257835190
Синклитикия Архиповна Игнатьева,2021,Платная,59,75,17,7,58,25,9.8,290.0,Химия,"Орша , алл. Коммуны, д. 988",+375336340484
Селезнев Каллистрат Федосьевич,2025,Целевая,33,7,55,45,36,16,4.2,178.0,Биология,"Орша , наб. Трудовая, д. 11",+375331563462
Филатова Иванна Евгеньевна,2020,Целевая,55,48,86,30,96,13,9.7,334.0,Химия,"Минск , пер. Победа, д. 9 к. 9/2",+375339076799
Филипп Эдуардович Журавлев,2024,Бюджет,48,90,54,54,15,36,8.0,278.0,История,"Пинск , пер. Тукая, д. 815 к. 93",+375443617338
Евдокимова Алевтина Анатольевна,2020,Платная,45,76,23,65,78,71,4.8,273.0,Химия,"Гомель , пр. Солнечный, д. 6/9 к. 6/1",+375291039148
Кириллов Селиван Ануфриевич,2023,Платная,13,4,17,3,98,40,5.4,209.0,История,"Брест , пер. Краснознаменный, д. 45",+375441396055
Мишина Кира Натановна,2020,Платная,74,30,70,77,88,29,7.7,316.0,Программирование,"Брест , пр. Димитрова, д. 744",+375298792844
Лобанов Трофим Артёмович,2025,Бюджет,52,84,58,95,71,48,7.3,323.0,Химия,"Пинск , пр. Ветеранов, д. 4 к. 4/8",+375441375187
Клавдия Артемовна Герасимова,2022,Бюджет,25,85,66,57,9,67,9.1,309.0,Биология,"Борисов , наб. Волкова, д. 5",+375446320310
Валентина Яковлевна Комиссарова,2020,Бюджет,67,20,93,13,10,41,6.0,261.0,Биология,"Борисов , ш. Курское, д. 3 стр. 5",+375444270873
Мария Кузьминична Мясникова,2022,Платная,58,61,20,42,96,55,4.7,262.0,История,"Борисов , пер. Р.Люксембург, д. 59 к. 380",+375443760965
Смирнов Игнатий Андреевич,2021,Платная,97,82,87,62,39,100,9.0,374.0,История,"Минск , бул. Луговой, д. 44",+375256131418
Лапина Октябрина Викторовна,2022,Целевая,47,3,98,49,34,74,7.1,292.0,Физика,"Гомель , бул. Орджоникидзе, д. 4 стр. 63",+375446487438
Игорь Вилорович Медведев,2020,Бюджет,42,39,5,71,93,21,7.0,276.0,Математика,"Гомель , пр. Тепличный, д. 78 стр. 4/5",+375253938547
Антонин Фадеевич Савельев,2022,Бюджет,73,13,53,40,29,61,9.3,280.0,Биология,"Пинск , пр. Западный, д. 5",+375446788426
Громов Вениамин Августович,2023,Платная,17,95,13,15,1,3,5.4,181.0,Физика,"Пинск , ш. Волгоградское, д. 66 к. 4/9",+375441565266
Гришина Ольга Мироновна,2023,Бюджет,10,67,97,31,5,18,8.3,278.0,Программирование,"Гродно , ул. Ворошилова, д. 97 стр. 3",+375255567359
Феврония Эльдаровна Мартынова,2021,Платная,59,67,3,31,31,54,7.6,256.0,Физика,"Пинск , бул. Дальневосточный, д. 6 стр. 475",+375338905298
Панфил Фадеевич Архипов,2022,Бюджет,53,55,39,13,75,71,8.2,283.0,Биология,"Гомель , пер. Войкова, д. 8/4 к. 9",+375447759882
Мирон Гурьевич Воронцов,2022,Бюджет,63,72,72,16,23,81,7.3,298.0,Математика,"Пинск , ул. Шоссейная, д. 65",+375440419360
Савина Елизавета Львовна,2023,Бюджет,76,12,93,95,73,9,4.3,307.0,Программирование,"Орша , наб. Производственная, д. 298",+375252604483
Мартынова Ольга Яковлевна,2023,Бюджет,8,84,59,25,29,25,8.3,255.0,Биология,"Борисов , ул. Линейная, д. 90 к. 756",+375447836837
Пахомова Елизавета Петровна,2022,Целевая,26,15,61,36,100,23,5.1,248.0,Биология,"Гродно , ш. Бабушкина, д. 8",+375294140094
Сазонова Елизавета Макаровна,2023,Бюджет,51,62,98,45,66,44,5.2,278.0,Биология,"Гродно , алл. Сиреневая, д. 9 к. 14",+375332851104
Орлов Якуб Германович,2024,Бюджет,96,83,90,15,58,88,4.2,316.0,Биология,"Борисов , ш. Свободное, д. 588 к. 7/1",+375335660625
Игнатьев Артем Филимонович,2021,Бюджет,4,18,26,19,88,73,7.4,261.0,История,"Барановичи , пр. Лермонтова, д. 1",+375256746360
Борисов Геннадий Авдеевич,2020,Целевая,60,55,6,23,54,96,9.8,309.0,Математика,"Гомель , бул. Красноармейский, д. 22",+375290582049
Лыткина Наина Васильевна,2024,Платная,30,45,100,65,53,83,6.3,311.0,Математика,"Витебск , алл. Тракторная, д. 571",+375447854782
Цветков Изот Валерианович,2021,Платная,21,87,51,71,31,65,9.2,315.0,Физика,"Минск , бул. Санаторный, д. 169 к. 3",+375330302324
Жанна Харитоновна Сафонова,2022,Платная,84,36,59,64,51,2,5.8,265.0,Математика,"Борисов , ул. Родниковая, д. 133 стр. 361",+375339442865
Кабанов Андрон Ермолаевич,2021,Целевая,60,63,11,21,35,72,5.3,248.0,Математика,"Борисов , ул. Кошевого, д. 9/4 к. 21",+375332013016
Евдокия Семеновна Жукова,2023,Бюджет,72,25,74,75,31,42,6.7,288.0,Программирование,"Гомель , наб. Рябиновая, д. 91 к. 6/2",+375299493678
г-н Мухин Климент Демидович,2023,Целевая,74,21,74,45,77,19,8.2,307.0,История,"Барановичи , пр. Геологический, д. 260 стр. 5",+375291091788
Игнатов Арсений Дорофеевич,2023,Бюджет,96,20,68,59,2,80,5.2,296.0,История,"Гродно , пр. Чкалова, д. 9 стр. 947",+375293762081
Миронова Глафира Геннадиевна,2024,Целевая,26,45,78,62,54,67,5.7,264.0,Химия,"Орша , бул. Космодемьянской, д. 8",+375299396660
Ефремов Наркис Авдеевич,2023,Целевая,83,22,86,93,63,32,6.7,329.0,Биология,"Орша , пр. Подстанция, д. 88 стр. 160",+375252234588
Милица Леоновна Романова,2025,Бюджет,66,20,67,61,61,22,5.6,250.0,Физика,"Орша , пер. Февральский, д. 9/3 стр. 4",+375441363180
Лучезар Валентинович Исаев,2024,Бюджет,58,68,27,7,63,88,5.3,272.0,Биология,"Борисов , пр. Поселковый, д. 96 к. 577",+375338047624
Федосеев Пимен Даниилович,2022,Платная,86,44,38,78,25,4,7.9,287.0,История,"Могилев , бул. Заовражный, д. 5 стр. 61",+375299099758
Майя Антоновна Юдина,2022,Платная,14,55,26,44,86,67,8.5,293.0,Математика,"Минск , ш. Толстого, д. 2 стр. 3",+375446355886
Мухин Натан Харламович,2025,Платная,76,64,65,85,66,72,5.9,292.0,Математика,"Гомель , бул. Сельский, д. 8",+375331734451
г-жа Филиппова Наина Артемовна,2025,Платная,64,74,88,16,56,4,8.7,313.0,Химия,"Брест , пр. Красный, д. 8 к. 8",+375292234313
Ульян Владленович Смирнов,2023,Целевая,43,56,45,73,92,21,6.4,285.0,История,"Борисов , пр. Высотный, д. 623 стр. 4/5",+375296556188
Хохлов Ульян Федотович,2024,Платная,72,90,78,39,54,94,9.0,352.0,История,"Минск , пр. 9 Января, д. 9",+375331551043
Валерия Никифоровна Трофимова,2021,Платная,50,57,36,24,18,38,8.6,231.0,Химия,"Минск , бул. Луначарского, д. 399 стр. 3/9",+375441226496
Елизавета Константиновна Сидорова,2021,Бюджет,38,25,53,93,82,55,6.4,294.0,Математика,"Гродно , пр. Тупиковый, д. 978",+375250497746
Виктория Степановна Белова,2020,Платная,32,84,18,55,9,68,7.4,281.0,Физика,"Орша , наб. Юбилейная, д. 2 к. 1",+375254132417
Агафья Юльевна Романова,2024,Платная,51,39,97,95,24,3,8.9,332.0,История,"Минск , бул. Свободы, д. 590 стр. 8",+375253209927
Казакова Вера Ивановна,2024,Целевая,17,72,2,49,13,13,5.0,188.0,Программирование,"Брест , наб. Плеханова, д. 8/1 к. 866",+375293518382
Милица Кузьминична Виноградова,2025,Целевая,63,35,71,95,75,74,9.0,334.0,История,"Витебск , наб. Приозерная, д. 2/8 к. 3",+375258071204
Борислав Ааронович Николаев,2022,Целевая,92,37,69,83,22,21,5.4,298.0,Химия,"Минск , пер. Коллективный, д. 49",+375339463233
Лора Андреевна Андреева,2021,Платная,29,40,53,60,31,100,6.9,282.0,Физика,"Брест , бул. Северный, д. 342 к. 27",+375448363956
Горшкова Маргарита Романовна,2022,Платная,42,20,72,88,15,46,5.3,259.0,Математика,"Минск , бул. Осипенко, д. 6 к. 4/7",+375254287987
Ефремова Жанна Макаровна,2023,Платная,65,87,31,84,71,20,6.4,306.0,История,"Барановичи , пер. Тепличный, д. 2 к. 5/8",+375251453363
Алевтина Антоновна Носова,2025,Бюджет,17,29,50,35,35,17,4.3,163.0,История,"Пинск , наб. Плеханова, д. 242 стр. 66",+375291854531
Евпраксия Ивановна Быкова,2023,Целевая,71,72,74,98,71,85,6.3,320.0,Физика,"Барановичи , ш. Главное, д. 3",+375253290007
Большакова София Вячеславовна,2025,Платная,71,91,94,62,82,99,9.0,374.0,Математика,"Пинск , бул. Запрудный, д. 43 к. 4/6",+375335830072
Евсеева Эмилия Артемовна,2020,Бюджет,59,16,49,68,59,84,9.7,308.0,Программирование,"Витебск , наб. Ватутина, д. 4 к. 17",+375442910904
Матвеева Глафира Романовна,2023,Целевая,45,83,1,37,38,41,4.7,216.0,Химия,"Брест , пр. Фабричный, д. 8/3",+375290667235
Лора Тарасовна Баранова,2020,Бюджет,30,78,92,5,7,69,8.1,320.0,Программирование,"Барановичи , пр. Черноморский, д. 15 стр. 3/6",+375339004133
Овчинников Назар Иосифович,2022,Бюджет,73,60,34,67,82,33,9.2,314.0,Программирование,"Могилев , пер. Кузнецова, д. 66 к. 4/4",+375332041249
Чернов Прокл Венедиктович,2024,Целевая,54,91,70,9,38,11,7.8,293.0,История,"Борисов , ул. Достоевского, д. 351",+375291687733
